<?xml version="1.0" encoding="UTF-8"?>
<!DOCTYPE hibernate-configuration SYSTEM " http://www.hibernate.org/dtd/hibernate-configuration-3.0.dtd">
<hibernate-configuration>       
  <session-factory>
    <!-- Database connection settings -->
    <property name="connection.driver_class">com.mysql.jdbc.Driver</property>
    <property name="connection.url">jdbc:mysql://localhost:3306/ecommerce</property>
    <property name="connection.username">mysql user id</property>
    <property name="connection.password">mysql password</property>
  </session-factory>
</hibernate-configuration>
